{
  "manifest": {
    "apis": {
      "custom": {
        "endpoint": {
          "uri": "arn:aws:lambda:us-east-1:339713069394:function:35ede791-a19f-4a1c-9882-3c74fa8b59ab:Release_0"
        },
        "interfaces": [],
        "locales": {},
        "regions": {
          "NA": {
            "endpoint": {
              "uri": "arn:aws:lambda:us-east-1:339713069394:function:35ede791-a19f-4a1c-9882-3c74fa8b59ab:Release_0"
            }
          },
          "EU": {
            "endpoint": {
              "uri": "arn:aws:lambda:eu-west-1:339713069394:function:35ede791-a19f-4a1c-9882-3c74fa8b59ab:Release_0"
            }
          },
          "FE": {
            "endpoint": {
              "uri": "arn:aws:lambda:us-west-2:339713069394:function:35ede791-a19f-4a1c-9882-3c74fa8b59ab:Release_0"
            }
          }
        }
      }
    },
    "manifestVersion": "1.0",
    "publishingInformation": {
      "distributionCountries": [],
      "isAvailableWorldwide": true,
      "locales": {
        "en-US": {
          "description": "Sample Full Description",
          "examplePhrases": [
            "Alexa open hello world",
            "hello",
            "help"
          ],
          "keywords": [],
          "name": "curiosidades programacion",
          "summary": "Sample Short Description"
        },
        "es-MX": {
          "name": "curiosidades programacion"
        }
      },
      "testingInstructions": "Sample Testing Instructions."
    }
  }
}