{
  "interactionModel": {
    "languageModel": {
      "intents": [
        {
          "name": "AMAZON.CancelIntent",
          "samples": []
        },
        {
          "name": "AMAZON.HelpIntent",
          "samples": []
        },
        {
          "name": "AMAZON.StopIntent",
          "samples": []
        },
        {
          "slots": [],
          "name": "HelloWorldIntent",
          "samples": [
            "hola",
            "como estás",
            "di hola mundo",
            "di hola",
            "hola mundo"
          ]
        },
        {
          "name": "AMAZON.NavigateHomeIntent",
          "samples": []
        },
        {
          "name": "AMAZON.FallbackIntent",
          "samples": []
        },
        {
          "slots": [],
          "name": "FrasesIntent",
          "samples": [
            "dame un dato curioso de programacion",
            "dime un dato curioso sobre programacion",
            "explicame un dato importante sobre programacion",
            "cuentame sobre programacion"
          ]
        }
      ],
      "types": [],
      "invocationName": "curiosidades programacion"
    }
  }
}